INSERT INTO users (user_id, user_name, password) VALUES (1, 'admin', 'password');
INSERT INTO users (user_id, user_name, password) VALUES (2, 'test', 'test');

INSERT INTO books (book_id, book_name) VALUES (1, 'trading_book_1');
INSERT INTO books (book_id, book_name) VALUES (2, 'trading_book_2');
INSERT INTO books (book_id, book_name) VALUES (3, 'trading_book_3');
INSERT INTO books (book_id, book_name) VALUES (4, 'trading_book_4');
INSERT INTO books (book_id, book_name) VALUES (5, 'trading_book_5');
INSERT INTO books (book_id, book_name) VALUES (6, 'trading_book_6');

INSERT INTO user_book_relationship (user_id, book_id) VALUES (1, 1);
INSERT INTO user_book_relationship (user_id, book_id) VALUES (1, 2);
INSERT INTO user_book_relationship (user_id, book_id) VALUES (1, 3);
INSERT INTO user_book_relationship (user_id, book_id) VALUES (1, 4);
INSERT INTO user_book_relationship (user_id, book_id) VALUES (2, 5);
INSERT INTO user_book_relationship (user_id, book_id) VALUES (2, 6);

INSERT INTO bonds (bond_holder, bond_maturity_date, coupon_percent, currency, cusip, face_value_mn, isin, issuer_name, status, type, unit_price) VALUES ('AZ Holdings Inc', '2021-08-05', 4.37, 'USD', '', 1000, 'XS1988387210', '"BNPParibasIssu 4.37% Microsoft Corp (USD)"', 'active', 'CORP', 90);
INSERT INTO bonds (bond_holder, bond_maturity_date, coupon_percent, currency, cusip, face_value_mn, isin, issuer_name, status, type, unit_price) VALUES ('AZ Holdings Inc', '2021-08-05', 4.37, 'USD', '', 1000, 'XS1988387210', '"BNPParibasIssu 4.37% Microsoft Corp (USD)"', 'active', 'CORP', 89.56);
INSERT INTO bonds (bond_holder, bond_maturity_date, coupon_percent, currency, cusip, face_value_mn, isin, issuer_name, status, type, unit_price) VALUES ('Acme co', '2021-07-30', 3.15, 'USD', '123456780', 900, 'USN0280EAR64', 'Airbus 3.15%  USD', 'active', 'CORP', 105.775);
INSERT INTO bonds (bond_holder, bond_maturity_date, coupon_percent, currency, cusip, face_value_mn, isin, issuer_name, status, type, unit_price) VALUES ('Acme Co', '2021-07-30', 3.15, 'USD', '123456780', 900, 'USN0280EAR64', 'Airbus 3.15%  USD', 'active', 'CORP', 105.775);
INSERT INTO bonds (bond_holder, bond_maturity_date, coupon_percent, currency, cusip, face_value_mn, isin, issuer_name, status, type, unit_price) VALUES ('Sovereign Investments', '2021-09-30', 2, 'USD', '123456bh0', 900, 'A12356111', 'UBS Facebook (USD)', 'active', 'CORP', 90);
INSERT INTO bonds (bond_holder, bond_maturity_date, coupon_percent, currency, cusip, face_value_mn, isin, issuer_name, status, type, unit_price) VALUES ('Astra Trading Ltd', '2021-07-30', 3.15, 'USD', '123456780', 900, 'USN0280EAR64', 'Airbus 3.15%  USD', 'active', 'CORP', 105.775);
INSERT INTO bonds (bond_holder, bond_maturity_date, coupon_percent, currency, cusip, face_value_mn, isin, issuer_name, status, type, unit_price) VALUES ('Muncipal Gov Of Orange County', '2021-08-03', 3.15, 'USD', 'AMZN 3.15 08/22/27 REGS', 900, 'USU02320AG12', 'Amazon', 'active', 'CORP', 98.56);
INSERT INTO bonds (bond_holder, bond_maturity_date, coupon_percent, currency, cusip, face_value_mn, isin, issuer_name, status, type, unit_price) VALUES ('Goldman Sachs', '2021-08-09', 0.75, 'GBP', 'BDCHBW8', 900, 'GB00B6460505', 'HM Treasury United Kingdon', 'active', 'GOVN', 110.35);
INSERT INTO bonds (bond_holder, bond_maturity_date, coupon_percent, currency, cusip, face_value_mn, isin, issuer_name, status, type, unit_price) VALUES ('Goldman Sachs', '2021-08-09', 0.75, 'GBP', 'BDCHBW8', 900, 'GB00B6460506', 'HM Treasury United Kingdon', 'active', 'GOVN', 110.35);
INSERT INTO bonds (bond_holder, bond_maturity_date, coupon_percent, currency, cusip, face_value_mn, isin, issuer_name, status, type, unit_price) VALUES ('UBS', '2021-08-09', 0.75, 'GBP', 'BDCHBW8', 900, 'GB00B6460507', 'HM Treasury United Kingdon', 'active', 'GOVN', 110.35);
INSERT INTO bonds (bond_holder, bond_maturity_date, coupon_percent, currency, cusip, face_value_mn, isin, issuer_name, status, type, unit_price) VALUES ('UBS', '2021-08-09', 0.75, 'GBP', 'BDCHBW8', 900, 'GB00B6460508', 'HM Treasury United Kingdon', 'active', 'GOVN', 110.35);
INSERT INTO bonds (bond_holder, bond_maturity_date, coupon_percent, currency, cusip, face_value_mn, isin, issuer_name, status, type, unit_price) VALUES ('Barclays', '2021-08-09', 0.75, 'GBP', 'BDCHBW8', 900, 'GB00B6460509', 'HM Treasury United Kingdon', 'active', 'GOVN', 110.35);
INSERT INTO bonds (bond_holder, bond_maturity_date, coupon_percent, currency, cusip, face_value_mn, isin, issuer_name, status, type, unit_price) VALUES ('Barclays', '2021-08-09', 0.75, 'GBP', 'BDCHBW8', 900, 'GB00B6460510', 'HM Treasury United Kingdon', 'active', 'GOVN', 110.35);
INSERT INTO bonds (bond_holder, bond_maturity_date, coupon_percent, currency, cusip, face_value_mn, isin, issuer_name, status, type, unit_price) VALUES ('Barclays', '2021-08-09', 0.75, 'GBP', 'BDCHBW8', 900, 'GB00B6460511', 'HM Treasury United Kingdon', 'active', 'GOVN', 110.35);
INSERT INTO bonds (bond_holder, bond_maturity_date, coupon_percent, currency, cusip, face_value_mn, isin, issuer_name, status, type, unit_price) VALUES ('British Telecom', '2021-08-09', 0.75, 'GBP', 'BDCHBW8', 900, 'GB00B6460512', 'HM Treasury United Kingdon', 'active', 'GOVN', 110.35);
INSERT INTO bonds (bond_holder, bond_maturity_date, coupon_percent, currency, cusip, face_value_mn, isin, issuer_name, status, type, unit_price) VALUES ('Pension Holdings', '2021-08-09', 0.75, 'GBP', 'BDCHBW8', 900, 'GB00B6460513', 'HM Treasury United Kingdon', 'active', 'GOVN', 110.35);
INSERT INTO bonds (bond_holder, bond_maturity_date, coupon_percent, currency, cusip, face_value_mn, isin, issuer_name, status, type, unit_price) VALUES ('Pension Holdings', '2021-08-09', 0.75, 'GBP', 'BDCHBW8', 900, 'GB00B6460514', 'HM Treasury United Kingdon', 'active', 'GOVN', 110.35);
INSERT INTO bonds (bond_holder, bond_maturity_date, coupon_percent, currency, cusip, face_value_mn, isin, issuer_name, status, type, unit_price) VALUES ('Pension Holdings', '2021-08-09', 0.75, 'GBP', 'BDCHBW8', 900, 'GB00B6460515', 'HM Treasury United Kingdon', 'active', 'GOVN', 110.35);
INSERT INTO bonds (bond_holder, bond_maturity_date, coupon_percent, currency, cusip, face_value_mn, isin, issuer_name, status, type, unit_price) VALUES ('Zurich Pension fund 4', '2021-08-06', 2.02, 'USD', '87973RAA8', 690, 'US87973RAA86', 'TEMASEK FINL I LTD GLOBAL MEDIUM TERM NTS BOOK ENTRY REG S', 'active', 'SOVN', 100.13);
INSERT INTO bonds (bond_holder, bond_maturity_date, coupon_percent, currency, cusip, face_value_mn, isin, issuer_name, status, type, unit_price) VALUES ('Zurich Pension fund 4', '2030-12-22', 1.123, 'USD', '87973RAA8', 340, 'IE00B29LNP31', 'First Norway Alpha Kl.IV', 'active', 'SOVN', 98.76);

INSERT INTO trades (currency, date, quantity, isin,  settlement_date, status, type, bond_id,  book_id) VALUES ('USD', '2021-05-13', 50,  'XS1988387210', '2021-08-04', 'open', 'buy', 1, 1);
INSERT INTO trades (currency, date, quantity, isin,  settlement_date, status, type, bond_id,  book_id) VALUES ('GBP', '2021-02-04', 40, 'XS1988387210', '2021-08-04', 'open', 'sell', 2, 1);
INSERT INTO trades (currency, date, quantity, isin,  settlement_date, status, type, bond_id,  book_id) VALUES ('USD', '2021-05-13', 1000, 'USN0280EAR64', '2021-08-23', 'open', 'buy',  3, 2);
INSERT INTO trades (currency, date, quantity, isin, settlement_date, status, type, bond_id,  book_id) VALUES ('GBP', '2021-02-04', 900, 'USN0280EAR64', '2021-09-10', 'open', 'sell', 3, 2);
INSERT INTO trades (currency, date, quantity, isin, settlement_date, status, type, bond_id,  book_id) VALUES ('USD', '2021-05-13', 50, 'A12356111', '2021-08-23', 'open', 'buy', 4, 3);
INSERT INTO trades (currency, date, quantity, isin, settlement_date, status, type, bond_id,  book_id) VALUES ('USD', '2021-05-13', 1000, 'USN0280EAR64', '2021-08-23', 'open', 'buy', 3, 2);
INSERT INTO trades (currency, date, quantity, isin, settlement_date, status, type, bond_id,  book_id) VALUES ('USD', '2021-05-13', 50, 'A12356111','2021-08-23', 'open', 'sell', 4, 2);
INSERT INTO trades (currency, date, quantity, isin, settlement_date, status, type, bond_id,  book_id) VALUES ('GBP', '2021-02-04', 60, 'USU02320AG12', '2021-09-27', 'open', 'buy', 5, 4);
INSERT INTO trades (currency, date, quantity, isin, settlement_date, status, type, bond_id,  book_id) VALUES ('USD', '2021-08-23', 50, 'USU02320AG12','2021-08-23', 'open', 'buy', 5, 4);
INSERT INTO trades (currency, date, quantity, isin, settlement_date, status, type, bond_id,  book_id) VALUES ('GBP', '2021-09-27', 1100, 'GB00B6460505', '2021-09-27', 'open', 'buy', 6, 6);
INSERT INTO trades (currency, date, quantity, isin, settlement_date, status, type, bond_id,  book_id) VALUES ('GBP', '2021-09-28', 900, 'GB00B6460506', '2021-09-28', 'open', 'sell', 7, 6);
INSERT INTO trades (currency, date, quantity, isin, settlement_date, status, type, bond_id,  book_id) VALUES ('GBP', '2021-09-29', 2000, 'GB00B6460507', '2021-09-29', 'open', 'buy', 8, 6);
INSERT INTO trades (currency, date, quantity, isin, settlement_date, status, type, bond_id,  book_id) VALUES ('GBP', '2021-09-30', 2000, 'GB00B6460508', '2021-09-30', 'open', 'sell', 9, 6);
INSERT INTO trades (currency, date, quantity, isin, settlement_date, status, type, bond_id,  book_id) VALUES ('GBP', '2021-10-01', 1000, 'GB00B6460509', '2021-10-01', 'open', 'buy', 10, 6);
INSERT INTO trades (currency, date, quantity, isin, settlement_date, status, type, bond_id,  book_id) VALUES ('GBP', '2019-10-02', 900, 'GB00B6460510', '2019-10-02', 'open', 'buy', 11, 6);
INSERT INTO trades (currency, date, quantity, isin, settlement_date, status, type, bond_id,  book_id) VALUES ('GBP', '2019-10-03', 1900, 'GB00B6460511', '2019-10-03', 'open', 'sell', 12, 6);
INSERT INTO trades (currency, date, quantity, isin, settlement_date, status, type, bond_id,  book_id) VALUES ('GBP', '2018-10-04', 600, 'GB00B6460512', '2018-10-04', 'open', 'buy', 13, 6);
INSERT INTO trades (currency, date, quantity, isin, settlement_date, status, type, bond_id,  book_id) VALUES ('GBP', '2019-10-05', 600, 'GB00B6460513', '2019-10-05', 'open', 'buy', 14, 6);
INSERT INTO trades (currency, date, quantity, isin, settlement_date, status, type, bond_id,  book_id) VALUES ('GBP', '2021-06-06', 700, 'GB00B6460514','2021-06-06', 'open', 'buy', 15, 6);
INSERT INTO trades (currency, date, quantity, isin, settlement_date, status, type, bond_id,  book_id) VALUES ('GBP', '2011-10-07', 1300, 'GB00B6460515', '2021-10-07', 'open', 'sell', 16, 6);
INSERT INTO trades (currency, date, quantity, isin, settlement_date, status, type, bond_id,  book_id) VALUES ('USD', '2012-02-04', 60, 'US87973RAA86', '2021-09-27', 'open', 'buy', 17, 4);
INSERT INTO trades (currency, date, quantity, isin, settlement_date, status, type, bond_id,  book_id) VALUES ('USD', '2012-08-23', 50, 'US87973RAA86', '2021-08-23', 'open', 'buy', 17, 4);
INSERT INTO trades (currency, date, quantity, isin, settlement_date, status, type, bond_id,  book_id) VALUES ('USD', '2013-02-04', 75, 'US87973RAA86', '2021-09-27', 'open', 'buy', 17, 4);
INSERT INTO trades (currency, date, quantity, isin, settlement_date, status, type, bond_id,  book_id) VALUES ('USD', '2014-08-23', 50, 'US87973RAA86', '2021-08-23', 'open', 'buy', 17, 4);
INSERT INTO trades (currency, date, quantity, isin, settlement_date, status, type, bond_id,  book_id) VALUES ('USD', '2016-02-04', 300, 'IE00B29LNP31', '2021-09-27', 'open', 'buy', 18, 4);
INSERT INTO trades (currency, date, quantity, isin, settlement_date, status, type, bond_id,  book_id) VALUES ('USD', '2012-08-23', 300, 'IE00B29LNP31', '2021-08-23', 'open', 'buy', 18, 4);
INSERT INTO trades (currency, date, quantity, isin, settlement_date, status, type, bond_id,  book_id) VALUES ('USD', '2013-02-04', 300, 'IE00B29LNP31', '2021-09-27', 'open', 'buy', 18, 4);
INSERT INTO trades (currency, date, quantity, isin, settlement_date, status, type, bond_id,  book_id) VALUES ('USD', '2015-08-23', 300, 'IE00B29LNP31', '2021-08-23', 'open', 'sell', 18, 4);